3023,VILLAGE 4C
3024,VILLAGE 2
3025,VILLAGE 9
3026,VILLAGE 4C
3027,VILLAGE 2
3028,VILLAGE 1
3029,VILLAGE 4C
3030,VILLAGE 13
3031,VILLAGE 9
3032,VILLAGE 4A
3033,VILLAGE 3
3034,VILLAGE 12
3035,VILLAGE 4B
3036,VILLAGE 6
3037,VILLAGE 4B
3038,VILLAGE 14
3039,VILLAGE 13
3040,VILLAGE 10
3041,VILLAGE 10
3042,VILLAGE 4B
3043,VILLAGE 3
3044,VILLAGE 14
3045,VILLAGE 11
3046,VILLAGE 11
3047,VILLAGE 11
3048,VILLAGE 10
3049,VILLAGE 10
3050,VILLAGE 4A
3051,VILLAGE 9
3052,VILLAGE 9
3053,VILLAGE 10
3054,VILLAGE 5
3055,VILLAGE 15
3056,VILLAGE 10
3057,VILLAGE 3
3058,VILLAGE 10
3059,VILLAGE 10
3060,VILLAGE 9
3061,VILLAGE 1
3062,VILLAGE 1
3063,VILLAGE 9
3065,VILLAGE 11
3066,VILLAGE 4B
3067,VILLAGE 7
3068,VILLAGE 9
3069,VILLAGE 12
3070,VILLAGE 5
3071,VILLAGE 14
3072,VILLAGE 6
3073,VILLAGE 9
3074,VILLAGE 5
3075,VILLAGE 13
3076,VILLAGE 5
3077,VILLAGE 1
3078,VILLAGE 5
3079,VILLAGE 14
3080,VILLAGE 11
3081,VILLAGE 12
3082,VILLAGE 3
3083,VILLAGE 1
3084,VILLAGE 1
3085,VILLAGE 3
3086,VILLAGE 12
3087,VILLAGE 10
3088,VILLAGE 5
3089,VILLAGE 5
3090,VILLAGE 11
3091,VILLAGE 13
3092,VILLAGE 6
3093,VILLAGE 4C
3094,VILLAGE 4A
3095,VILLAGE 10
3096,VILLAGE 3
3097,VILLAGE 12
3098,VILLAGE 11
3099,VILLAGE 14
3100,VILLAGE 5
3101,VILLAGE 2
3102,VILLAGE 9
3103,VILLAGE 9
3104,VILLAGE 3
3105,VILLAGE 2
3106,VILLAGE 7
3107,VILLAGE 9
3108,VILLAGE 14
3109,VILLAGE 3
3110,VILLAGE 2
3111,VILLAGE 15
3112,VILLAGE 4C
3113,VILLAGE 4C
3114,VILLAGE 11
3115,VILLAGE 14
3116,VILLAGE 7
3117,VILLAGE 14
3118,VILLAGE 4C
3119,VILLAGE 2
3120,VILLAGE 4C
3121,VILLAGE 1
3122,VILLAGE 13
3123,VILLAGE 9
3124,VILLAGE 4C
3125,VILLAGE 11
3126,VILLAGE 11
3127,VILLAGE 11
3128,VILLAGE 14
3129,VILLAGE 13
3130,VILLAGE 4A
3131,VILLAGE 13
3132,VILLAGE 1
3133,VILLAGE 4C
3134,VILLAGE 6
3135,VILLAGE 13
3136,VILLAGE 11
3137,VILLAGE 3
3138,VILLAGE 11
3139,VILLAGE 11
3140,VILLAGE 12
3141,VILLAGE 10
3142,VILLAGE 2
3143,VILLAGE 11
3144,VILLAGE 14
3145,VILLAGE 4B
3146,VILLAGE 10
3147,VILLAGE 9
3148,VILLAGE 14
3149,VILLAGE 2
3150,VILLAGE 11
3151,VILLAGE 11
3152,VILLAGE 5
3153,VILLAGE 13
3154,VILLAGE 9
3155,VILLAGE 14
3156,VILLAGE 12
3157,VILLAGE 11
3158,VILLAGE 4B
3159,VILLAGE 4A
3160,VILLAGE 15
3161,VILLAGE 7
3162,VILLAGE 8
3163,VILLAGE 4C
3164,VILLAGE 3
3165,VILLAGE 2
3166,VILLAGE 13
3167,VILLAGE 4A
3168,VILLAGE 15
3169,VILLAGE 11
3170,VILLAGE 11
3171,VILLAGE 13
3172,VILLAGE 13
3173,VILLAGE 2
3174,VILLAGE 15
3175,VILLAGE 14
3176,VILLAGE 4C
3177,VILLAGE 11
3178,VILLAGE 14
3179,VILLAGE 7
3180,VILLAGE 2
3181,VILLAGE 12
3182,VILLAGE 4B
3183,VILLAGE 15
3184,VILLAGE 11
3185,VILLAGE 8
3186,VILLAGE 4A
3187,VILLAGE 12
3188,VILLAGE 3
3189,VILLAGE 7
3190,VILLAGE 9
3191,VILLAGE 4B
3192,VILLAGE 2
3193,VILLAGE 13
3194,VILLAGE 13
3195,VILLAGE 5
3196,VILLAGE 3
3197,VILLAGE 10
3198,VILLAGE 4C
3199,VILLAGE 11
3200,VILLAGE 10
3201,VILLAGE 9
3202,VILLAGE 4B
3203,VILLAGE 7
3204,VILLAGE 14
3205,VILLAGE 12
3206,VILLAGE 1
3207,VILLAGE 3
3208,VILLAGE 4A
3209,VILLAGE 15
3210,VILLAGE 5
3211,VILLAGE 10
3212,VILLAGE 12
3213,VILLAGE 9
3214,VILLAGE 15
3215,VILLAGE 13
3216,VILLAGE 4C
3217,VILLAGE 7
3218,VILLAGE 4C
3219,VILLAGE 12
3220,VILLAGE 11
3221,VILLAGE 12
3222,VILLAGE 14
3223,VILLAGE 4A
3224,VILLAGE 15
3225,VILLAGE 10
3226,VILLAGE 12
3227,VILLAGE 13
3228,VILLAGE 4C
3230,VILLAGE 4C
3231,VILLAGE 4B
3232,VILLAGE 9
3233,VILLAGE 4C
3234,VILLAGE 12
3235,VILLAGE 2
3236,VILLAGE 10
3237,VILLAGE 2
3238,VILLAGE 6
3239,VILLAGE 11
3241,VILLAGE 11
3242,VILLAGE 3
3243,VILLAGE 7
3244,VILLAGE 15
3245,VILLAGE 12
3246,VILLAGE 4C
3247,VILLAGE 12
3248,VILLAGE 2
3249,VILLAGE 4B
3250,VILLAGE 11
3251,VILLAGE 3
3252,VILLAGE 12
3253,VILLAGE 1
3254,VILLAGE 12
3255,VILLAGE 2
3256,VILLAGE 7
3257,VILLAGE 3
3258,VILLAGE 7
3259,VILLAGE 4A
3260,VILLAGE 4C
3261,VILLAGE 9
3262,VILLAGE 8
3263,VILLAGE 15
3264,VILLAGE 13
3265,VILLAGE 13
3266,VILLAGE 1
3267,VILLAGE 11
3268,VILLAGE 14
3269,VILLAGE 2
3270,VILLAGE 12
3271,VILLAGE 11
3272,VILLAGE 10
3273,VILLAGE 14
3274,VILLAGE 9
3275,VILLAGE 9
3276,VILLAGE 1
3277,VILLAGE 6
3278,VILLAGE 4B
3279,VILLAGE 11
3280,VILLAGE 6
3281,VILLAGE 9
3282,VILLAGE 9
3283,VILLAGE 4B
3284,VILLAGE 9
3285,VILLAGE 12
3286,VILLAGE 6
3287,VILLAGE 6
3288,VILLAGE 11
3289,VILLAGE 12
3290,VILLAGE 6
3291,VILLAGE 13
3292,VILLAGE 11
3293,VILLAGE 11
3294,VILLAGE 4B
3295,VILLAGE 7
3296,VILLAGE 15
3297,VILLAGE 2
3298,VILLAGE 4B
3299,VILLAGE 7
3300,VILLAGE 9
3301,VILLAGE 14
3302,VILLAGE 10
3303,VILLAGE 4C
3304,VILLAGE 4C
3305,VILLAGE 14
3306,VILLAGE 4B
3307,VILLAGE 11
3308,VILLAGE 10
3309,VILLAGE 4B
3310,VILLAGE 6
3311,VILLAGE 8
3312,VILLAGE 9
3313,VILLAGE 11
3314,VILLAGE 15
3315,VILLAGE 13
3316,VILLAGE 4C
3317,VILLAGE 13
3318,VILLAGE 11
3319,VILLAGE 14
3320,VILLAGE 10
3321,VILLAGE 14
3322,VILLAGE 14
3323,VILLAGE 10
3324,VILLAGE 7
3325,VILLAGE 6
3326,VILLAGE 5
3327,VILLAGE 2
3328,VILLAGE 4A
3329,VILLAGE 7
3330,VILLAGE 11
3331,VILLAGE 14
3332,VILLAGE 7
3333,VILLAGE 4A
3334,VILLAGE 13
3335,VILLAGE 13
3336,VILLAGE 4C
3337,VILLAGE 13
3338,VILLAGE 12
3339,VILLAGE 1
3340,VILLAGE 11
3341,VILLAGE 13
3342,VILLAGE 4C
3343,VILLAGE 15
3344,VILLAGE 10
3345,VILLAGE 10
3346,VILLAGE 7
3347,VILLAGE 13
3348,VILLAGE 10
3349,VILLAGE 10
3350,VILLAGE 7
3351,VILLAGE 4C
3352,VILLAGE 10
3353,VILLAGE 11
3354,VILLAGE 11
3355,VILLAGE 12
3356,VILLAGE 12
3357,VILLAGE 3
3358,VILLAGE 1
3359,VILLAGE 4C
3360,VILLAGE 2
3361,VILLAGE 6
3362,VILLAGE 11
3363,VILLAGE 11
3364,VILLAGE 4A
3365,VILLAGE 4C
3366,VILLAGE 3
3367,VILLAGE 14
3368,VILLAGE 4B
3369,VILLAGE 12
3370,VILLAGE 7
3371,VILLAGE 15
3372,VILLAGE 14
3373,VILLAGE 15
3374,VILLAGE 15
3375,VILLAGE 13
3376,VILLAGE 9
3377,VILLAGE 12
3378,VILLAGE 15
3379,VILLAGE 6
3380,VILLAGE 10
3381,VILLAGE 4C
3382,VILLAGE 15
3383,VILLAGE 4A
3384,VILLAGE 4C
3385,VILLAGE 2
3386,VILLAGE 13
3387,VILLAGE 2
3388,VILLAGE 15
3389,VILLAGE 4C
3390,VILLAGE 12
3391,VILLAGE 4B
3392,VILLAGE 1
3393,VILLAGE 4C
3394,VILLAGE 7
3395,VILLAGE 13
3396,VILLAGE 3
3397,VILLAGE 6
3398,VILLAGE 12
3399,VILLAGE 7
3400,VILLAGE 9
3401,VILLAGE 11
3402,VILLAGE 11
3403,VILLAGE 15
3404,VILLAGE 9
3405,VILLAGE 2
3406,VILLAGE 3
3407,VILLAGE 8
3408,VILLAGE 11
3409,VILLAGE 4C
3410,VILLAGE 11
3411,VILLAGE 15
3412,VILLAGE 10
3413,VILLAGE 4A
3414,VILLAGE 6
3415,VILLAGE 4C
3416,VILLAGE 13
3417,VILLAGE 11
3418,VILLAGE 12
3419,VILLAGE 9
3420,VILLAGE 7
3421,VILLAGE 4A
3422,VILLAGE 11
3423,VILLAGE 11
3424,VILLAGE 1
3425,VILLAGE 11
3426,VILLAGE 10
3427,VILLAGE 2
3428,VILLAGE 13
3429,VILLAGE 1
3430,VILLAGE 4B
3431,VILLAGE 4A
3432,VILLAGE 14
3433,VILLAGE 11
3434,VILLAGE 10
3435,VILLAGE 11
3436,VILLAGE 12
3437,VILLAGE 9
3438,VILLAGE 3
3439,VILLAGE 10
3440,VILLAGE 8
3441,VILLAGE 4C
3442,VILLAGE 11
3443,VILLAGE 5
3444,VILLAGE 4B
3445,VILLAGE 10
3446,VILLAGE 4C
3447,VILLAGE 11
3448,VILLAGE 12
3449,VILLAGE 10
3450,VILLAGE 4C
3451,VILLAGE 7
3452,VILLAGE 9
3453,VILLAGE 10
3454,VILLAGE 14
3455,VILLAGE 13
3456,VILLAGE 11
3457,VILLAGE 4C
3458,VILLAGE 4A
3459,VILLAGE 4B
3460,VILLAGE 2
3461,VILLAGE 4C
3462,VILLAGE 15
3463,VILLAGE 11
3464,VILLAGE 10
3465,VILLAGE 2
3466,VILLAGE 4B
3467,VILLAGE 10
3468,VILLAGE 4B
3469,VILLAGE 11
3470,VILLAGE 4B
3471,VILLAGE 13
3472,VILLAGE 4B
3473,VILLAGE 12
3474,VILLAGE 15
3475,VILLAGE 4B
3476,VILLAGE 1
3477,VILLAGE 12
3478,VILLAGE 7
3479,VILLAGE 15
3480,VILLAGE 12
3481,VILLAGE 9
3482,VILLAGE 9
3483,VILLAGE 1
3484,VILLAGE 3
3485,VILLAGE 13
3486,VILLAGE 11
3487,VILLAGE 7
3488,VILLAGE 9
3489,VILLAGE 7
3490,VILLAGE 14
3491,VILLAGE 5
3492,VILLAGE 10
3493,VILLAGE 10
3494,VILLAGE 7
3495,VILLAGE 11
3496,VILLAGE 15
3497,VILLAGE 11
3498,VILLAGE 8
3499,VILLAGE 12
3500,VILLAGE 13
3501,VILLAGE 10
3502,VILLAGE 4A
3503,VILLAGE 13
3504,VILLAGE 12
3505,VILLAGE 15
3506,VILLAGE 12
3507,VILLAGE 4A
3508,VILLAGE 11
3509,VILLAGE 3
3510,VILLAGE 4B
3511,VILLAGE 15
3512,VILLAGE 5
3513,VILLAGE 7
3514,VILLAGE 14
3515,VILLAGE 10
3516,VILLAGE 12
3517,VILLAGE 11
3518,VILLAGE 7
3519,VILLAGE 4B
3520,VILLAGE 12
3521,VILLAGE 10
3522,VILLAGE 11
3523,VILLAGE 10
3524,VILLAGE 7
3525,VILLAGE 14
3526,VILLAGE 15
3527,VILLAGE 3
3528,VILLAGE 3
3529,VILLAGE 7
3530,VILLAGE 13
3531,VILLAGE 11
3532,VILLAGE 2
3533,VILLAGE 10
3534,VILLAGE 2
3535,VILLAGE 14
3536,VILLAGE 15
3537,VILLAGE 9
3538,VILLAGE 12
3539,VILLAGE 11
3540,VILLAGE 4C
3541,VILLAGE 10
3542,VILLAGE 13
3543,VILLAGE 10
3544,VILLAGE 14
3545,VILLAGE 4A
3546,VILLAGE 14
3547,VILLAGE 7
3548,VILLAGE 14
3549,VILLAGE 15
3550,VILLAGE 11
3551,VILLAGE 4A
3552,VILLAGE 7
3553,VILLAGE 12
3554,VILLAGE 4A
3555,VILLAGE 7
3556,VILLAGE 13
3557,VILLAGE 1
3558,VILLAGE 4B
3559,VILLAGE 14
3560,VILLAGE 4A
3561,VILLAGE 10
3562,VILLAGE 11
3563,VILLAGE 11
3564,VILLAGE 4C
3565,VILLAGE 12
3566,VILLAGE 6
3567,VILLAGE 15
3568,VILLAGE 4B
3569,VILLAGE 4B
3570,VILLAGE 5
3571,VILLAGE 4C
3572,VILLAGE 7
3573,VILLAGE 9
3574,VILLAGE 4A
3575,VILLAGE 5
3576,VILLAGE 6
3577,VILLAGE 8
3578,VILLAGE 3
3579,VILLAGE 2
3580,VILLAGE 4B
3581,VILLAGE 7
3582,VILLAGE 10
3583,VILLAGE 1
3584,VILLAGE 9
3585,VILLAGE 10
3586,VILLAGE 1
3587,VILLAGE 4A
3588,VILLAGE 4A
3589,VILLAGE 5
3590,VILLAGE 11
3591,VILLAGE 15
3592,VILLAGE 14
3593,VILLAGE 9
3594,VILLAGE 1
3595,VILLAGE 1
3596,VILLAGE 7
3597,VILLAGE 2
3598,VILLAGE 11
3599,VILLAGE 1
3600,VILLAGE 9
3601,VILLAGE 6
3602,VILLAGE 11
3603,VILLAGE 15
3604,VILLAGE 13
3605,VILLAGE 4B
3606,VILLAGE 3
3607,VILLAGE 15
3608,VILLAGE 4C
3609,VILLAGE 15
3610,VILLAGE 3
3611,VILLAGE 9
3612,VILLAGE 14
3613,VILLAGE 13
3614,VILLAGE 11
3615,VILLAGE 11
3616,VILLAGE 11
3617,VILLAGE 5
3618,VILLAGE 9
3619,VILLAGE 12
3620,VILLAGE 4B
3621,VILLAGE 9
3622,VILLAGE 11
3623,VILLAGE 3
3624,VILLAGE 10
3625,VILLAGE 12
3626,VILLAGE 12
3627,VILLAGE 14
3628,VILLAGE 6
3629,VILLAGE 11
3630,VILLAGE 1
3631,VILLAGE 4B
3632,VILLAGE 4B
3633,VILLAGE 14
3634,VILLAGE 5
3635,VILLAGE 11
3636,VILLAGE 12
3637,VILLAGE 1
3638,VILLAGE 1
3639,VILLAGE 4C
3640,VILLAGE 4B
3641,VILLAGE 9
3642,VILLAGE 8
3643,VILLAGE 12
3644,VILLAGE 1
3645,VILLAGE 4B
3646,VILLAGE 4A
3647,VILLAGE 2
3648,VILLAGE 7
3649,VILLAGE 6
3650,VILLAGE 4C
3651,VILLAGE 10
3652,VILLAGE 11
3653,VILLAGE 13
3654,VILLAGE 10
3655,VILLAGE 2
3656,VILLAGE 12
3657,VILLAGE 13
3658,VILLAGE 12
3659,VILLAGE 1
3660,VILLAGE 12
3661,VILLAGE 11
3662,VILLAGE 3
3663,VILLAGE 1
3664,VILLAGE 11
3665,VILLAGE 10
3666,VILLAGE 4A
3667,VILLAGE 7
3668,VILLAGE 15
3669,VILLAGE 4A
3670,VILLAGE 9
3671,VILLAGE 6
3672,VILLAGE 11
3673,VILLAGE 15
3674,VILLAGE 6
3675,VILLAGE 10
3676,VILLAGE 11
3677,VILLAGE 12
3678,VILLAGE 14
3679,VILLAGE 12
3680,VILLAGE 4B
3681,VILLAGE 11
3682,VILLAGE 15
3683,VILLAGE 10
3684,VILLAGE 13
3685,VILLAGE 6
3686,VILLAGE 14
3687,VILLAGE 13
3688,VILLAGE 4C
3689,VILLAGE 4A
3690,VILLAGE 4B
3691,VILLAGE 12
3692,VILLAGE 4B
3693,VILLAGE 15
3694,VILLAGE 2
3695,VILLAGE 13
3696,VILLAGE 11
3697,VILLAGE 9
3698,VILLAGE 4C
3699,VILLAGE 1
3700,VILLAGE 15
3701,VILLAGE 3
3702,VILLAGE 9
3703,VILLAGE 7
3704,VILLAGE 13
3705,VILLAGE 13
3706,VILLAGE 15
3707,VILLAGE 12
3708,VILLAGE 4A
3709,VILLAGE 15
3710,VILLAGE 3
3711,VILLAGE 12
3712,VILLAGE 4C
3713,VILLAGE 12
3714,VILLAGE 6
3715,VILLAGE 4A
3716,VILLAGE 13
3717,VILLAGE 7
3718,VILLAGE 9
3719,VILLAGE 9
3720,VILLAGE 11
3721,VILLAGE 7
3722,VILLAGE 14
3723,VILLAGE 9
3724,VILLAGE 11
3725,VILLAGE 9
3726,VILLAGE 10
3727,VILLAGE 9
3728,VILLAGE 10
3729,VILLAGE 2
3730,VILLAGE 11
3731,VILLAGE 5
3732,VILLAGE 10
3733,VILLAGE 9
3734,VILLAGE 4A
3735,VILLAGE 15
3736,VILLAGE 11
3737,VILLAGE 14
3738,VILLAGE 5
3739,VILLAGE 14
3740,VILLAGE 4A
3741,VILLAGE 5
3742,VILLAGE 9
3743,VILLAGE 4C
3744,VILLAGE 14
3745,VILLAGE 10
3746,VILLAGE 13
3747,VILLAGE 2
3748,VILLAGE 2
3749,VILLAGE 7
3750,VILLAGE 14
3751,VILLAGE 8
3752,VILLAGE 10
3753,VILLAGE 10
3754,VILLAGE 12
3755,VILLAGE 7
3756,VILLAGE 4A
3757,VILLAGE 4A
3758,VILLAGE 14
3759,VILLAGE 2
3760,VILLAGE 11
3761,VILLAGE 14
3762,VILLAGE 12
3763,VILLAGE 4A
3764,VILLAGE 5
3765,VILLAGE 2
3766,VILLAGE 13
3767,VILLAGE 11
3768,VILLAGE 4C
3769,VILLAGE 11
3770,VILLAGE 13
3771,VILLAGE 13
3772,VILLAGE 8
3773,VILLAGE 4A
3774,VILLAGE 15
3775,VILLAGE 4A
3776,VILLAGE 15
3777,VILLAGE 13
3778,VILLAGE 15
3779,VILLAGE 12
3780,VILLAGE 4C
3781,VILLAGE 4A
3782,VILLAGE 12
3783,VILLAGE 15
3784,VILLAGE 9
3785,VILLAGE 11
3786,VILLAGE 10
3787,VILLAGE 4A
3788,VILLAGE 10
3789,VILLAGE 11
3790,VILLAGE 9
3791,VILLAGE 10
3792,VILLAGE 2
3793,VILLAGE 4B
3794,VILLAGE 10
3795,VILLAGE 6
3796,VILLAGE 15
3797,VILLAGE 5
3798,VILLAGE 4C
3799,VILLAGE 7
3800,VILLAGE 14
3801,VILLAGE 14
3802,VILLAGE 1
3803,VILLAGE 14
3804,VILLAGE 12
3805,VILLAGE 6
3806,VILLAGE 11
3807,VILLAGE 15
3808,VILLAGE 3
3809,VILLAGE 4A
3810,VILLAGE 9
3811,VILLAGE 4C
3812,VILLAGE 11
3813,VILLAGE 7
3814,VILLAGE 12
3815,VILLAGE 7
3817,VILLAGE 10
3818,VILLAGE 12
3819,VILLAGE 10
3820,VILLAGE 9
3821,VILLAGE 9
3822,VILLAGE 14
3823,VILLAGE 2
3824,VILLAGE 2
3825,VILLAGE 5
3826,VILLAGE 7
3827,VILLAGE 9
3828,VILLAGE 12
3829,VILLAGE 4A
3830,VILLAGE 9
3832,VILLAGE 14
3833,VILLAGE 10
3834,VILLAGE 4A
3835,VILLAGE 10
3836,VILLAGE 3
3837,VILLAGE 12
3838,VILLAGE 4A
3839,VILLAGE 2
3840,VILLAGE 11
3841,VILLAGE 1
3842,VILLAGE 7
3843,VILLAGE 2
3844,VILLAGE 11
3845,VILLAGE 11
3846,VILLAGE 12
3847,VILLAGE 14
3848,VILLAGE 10
3849,VILLAGE 15
3850,VILLAGE 4B
3851,VILLAGE 6
3852,VILLAGE 11
3853,VILLAGE 7
3854,VILLAGE 15
3855,VILLAGE 15
3856,VILLAGE 1
3857,VILLAGE 11
3858,VILLAGE 12
3859,VILLAGE 15
3860,VILLAGE 13
3861,VILLAGE 1
3862,VILLAGE 13
3863,VILLAGE 15
3864,VILLAGE 4A
3865,VILLAGE 15
3866,VILLAGE 4A
3867,VILLAGE 12
3868,VILLAGE 15
3869,VILLAGE 4B
3870,VILLAGE 11
3871,VILLAGE 15
3872,VILLAGE 12
3873,VILLAGE 1
3874,VILLAGE 5
3875,VILLAGE 3
3876,VILLAGE 14
3877,VILLAGE 13
3878,VILLAGE 5
3879,VILLAGE 9
3880,VILLAGE 15
3881,VILLAGE 15
3882,VILLAGE 4A
3883,VILLAGE 3
3884,VILLAGE 4C
3885,VILLAGE 11
3886,VILLAGE 9
3887,VILLAGE 10
3888,VILLAGE 15
3889,VILLAGE 9
3890,VILLAGE 2
3891,VILLAGE 14
3892,VILLAGE 4A
3893,VILLAGE 15
3894,VILLAGE 15
3895,VILLAGE 4C
3896,VILLAGE 1
3897,VILLAGE 6
3898,VILLAGE 14
3899,VILLAGE 11
3900,VILLAGE 14
3901,VILLAGE 9
3902,VILLAGE 9
3903,VILLAGE 14
3904,VILLAGE 13
3905,VILLAGE 8
3906,VILLAGE 7
3907,VILLAGE 2
3908,VILLAGE 14
3909,VILLAGE 11
3910,VILLAGE 10
3911,VILLAGE 12
3912,VILLAGE 1
3913,VILLAGE 11
3914,VILLAGE 13
3915,VILLAGE 12
3916,VILLAGE 15
3917,VILLAGE 9
3918,VILLAGE 2
3919,VILLAGE 12
3920,VILLAGE 7
3921,VILLAGE 6
3922,VILLAGE 14
3923,VILLAGE 4A
3924,VILLAGE 10
3925,VILLAGE 5
3926,VILLAGE 9
3927,VILLAGE 11
3928,VILLAGE 4C
3929,VILLAGE 7
3930,VILLAGE 13
3931,VILLAGE 4B
3932,VILLAGE 4C
3933,VILLAGE 10
3934,VILLAGE 4B
3935,VILLAGE 3
3936,VILLAGE 15
3937,VILLAGE 14
3938,VILLAGE 12
3939,VILLAGE 9
3940,VILLAGE 3
3941,VILLAGE 3
3942,VILLAGE 1
3943,VILLAGE 12
3944,VILLAGE 14
3945,VILLAGE 6
3946,VILLAGE 12
3947,VILLAGE 3
3948,VILLAGE 11
3949,VILLAGE 10
3950,VILLAGE 7
3951,VILLAGE 4C
3952,VILLAGE 13
3953,VILLAGE 11
3954,VILLAGE 6
3955,VILLAGE 5
3956,VILLAGE 4B
3957,VILLAGE 1
3958,VILLAGE 15
3959,VILLAGE 3
3960,VILLAGE 7
3961,VILLAGE 10
3962,VILLAGE 13
3963,VILLAGE 13
3964,VILLAGE 8
3965,VILLAGE 2
3966,VILLAGE 9
3967,VILLAGE 11
3968,VILLAGE 4B
3969,VILLAGE 15
3970,VILLAGE 11
3971,VILLAGE 2
3972,VILLAGE 4A
3973,VILLAGE 9
3974,VILLAGE 14
3975,VILLAGE 15
3976,VILLAGE 11
3977,VILLAGE 9
3978,VILLAGE 10
3979,VILLAGE 10
3980,VILLAGE 8
3981,VILLAGE 5
3982,VILLAGE 11
3983,VILLAGE 10
3984,VILLAGE 11
3985,VILLAGE 13
3986,VILLAGE 7
3987,VILLAGE 7
3988,VILLAGE 4A
3989,VILLAGE 11
3990,VILLAGE 15
3991,VILLAGE 1
3992,VILLAGE 11
3993,VILLAGE 14
3994,VILLAGE 6
3995,VILLAGE 11
3996,VILLAGE 4B
3997,VILLAGE 11
3998,VILLAGE 10
3999,VILLAGE 5
4000,VILLAGE 10
4001,VILLAGE 11
4002,VILLAGE 11
4003,VILLAGE 10
4004,VILLAGE 12
4005,VILLAGE 3
4006,VILLAGE 6
4007,VILLAGE 4B
4008,VILLAGE 6
4009,VILLAGE 8
4010,VILLAGE 8
4011,VILLAGE 13
4012,VILLAGE 15
4013,VILLAGE 13
4014,VILLAGE 4A
4015,VILLAGE 6
4016,VILLAGE 9
4017,VILLAGE 15
4018,VILLAGE 7
4019,VILLAGE 1
4020,VILLAGE 14
4021,VILLAGE 7
4022,VILLAGE 11
4023,VILLAGE 11
4024,VILLAGE 10
4025,VILLAGE 12
4026,VILLAGE 2
4027,VILLAGE 1
4028,VILLAGE 6
4029,VILLAGE 2
4030,VILLAGE 4B
4031,VILLAGE 1
4032,VILLAGE 12
4033,VILLAGE 4A
4034,VILLAGE 14
4035,VILLAGE 14
4036,VILLAGE 12
4037,VILLAGE 1
4038,VILLAGE 9
4039,VILLAGE 4B
4040,VILLAGE 11
4041,VILLAGE 3
4042,VILLAGE 11
4043,VILLAGE 1
4044,VILLAGE 10
4045,VILLAGE 13
4046,VILLAGE 1
4047,VILLAGE 4C
4048,VILLAGE 11
4049,VILLAGE 9
4050,VILLAGE 6
4051,VILLAGE 9
4052,VILLAGE 6
4053,VILLAGE 12
4054,VILLAGE 3
4055,VILLAGE 4C
4056,VILLAGE 15
4057,VILLAGE 8
4058,VILLAGE 11
4059,VILLAGE 4B
4061,VILLAGE 10
4062,VILLAGE 5
4063,VILLAGE 15
4064,VILLAGE 9
4065,VILLAGE 11
4066,VILLAGE 1
4067,VILLAGE 12
4068,VILLAGE 2
4069,VILLAGE 12
4070,VILLAGE 11
4071,VILLAGE 7
4072,VILLAGE 10
4073,VILLAGE 4C
4074,VILLAGE 10
4075,VILLAGE 4B
4076,VILLAGE 12
4077,VILLAGE 9
4078,VILLAGE 4A
4079,VILLAGE 14
4080,VILLAGE 10
4081,VILLAGE 15
4082,VILLAGE 5
4083,VILLAGE 4B
4084,VILLAGE 12
4085,VILLAGE 11
4086,VILLAGE 14
4087,VILLAGE 4C
4088,VILLAGE 4A
4089,VILLAGE 1
4090,VILLAGE 3
4091,VILLAGE 3
4092,VILLAGE 15
4093,VILLAGE 15
4094,VILLAGE 13
4095,VILLAGE 6
4096,VILLAGE 9
4097,VILLAGE 7
4098,VILLAGE 15
4099,VILLAGE 4C
4100,VILLAGE 11
4101,VILLAGE 4C
4102,VILLAGE 1
4103,VILLAGE 9
4104,VILLAGE 4A
4105,VILLAGE 4C
4106,VILLAGE 11
4107,VILLAGE 12
4108,VILLAGE 7
4109,VILLAGE 4B
4110,VILLAGE 7
4111,VILLAGE 4A
4112,VILLAGE 4C
4113,VILLAGE 11
4114,VILLAGE 4A
4115,VILLAGE 10
4116,VILLAGE 2
4117,VILLAGE 6
4118,VILLAGE 7
4119,VILLAGE 11
4120,VILLAGE 13
4121,VILLAGE 1
4122,VILLAGE 7
4123,VILLAGE 14
4124,VILLAGE 6
4125,VILLAGE 12
4126,VILLAGE 11
4127,VILLAGE 15
4128,VILLAGE 4C
4129,VILLAGE 4B
4130,VILLAGE 9
4131,VILLAGE 4A
4132,VILLAGE 14
4133,VILLAGE 10
4134,VILLAGE 14
4135,VILLAGE 4C
4136,VILLAGE 12
4137,VILLAGE 11
4138,VILLAGE 12
4139,VILLAGE 15
4140,VILLAGE 7
4141,VILLAGE 2
4142,VILLAGE 4A
4143,VILLAGE 11
4144,VILLAGE 11
4145,VILLAGE 3
4146,VILLAGE 9
4147,VILLAGE 11
4148,VILLAGE 11
4149,VILLAGE 15
4150,VILLAGE 15
4151,VILLAGE 4A
4152,VILLAGE 15
4153,VILLAGE 4B
4154,VILLAGE 3
4155,VILLAGE 4C
4156,VILLAGE 9
4157,VILLAGE 12
4158,VILLAGE 4A
4159,VILLAGE 4C
4160,VILLAGE 4C
4161,VILLAGE 4B
4162,VILLAGE 6
4163,VILLAGE 4A
4164,VILLAGE 9
4165,VILLAGE 10
4166,VILLAGE 13
4167,VILLAGE 15
4168,VILLAGE 11
4169,VILLAGE 2
4170,VILLAGE 9
4171,VILLAGE 2
4172,VILLAGE 14
4173,VILLAGE 9
4174,VILLAGE 11
4175,VILLAGE 6
4176,VILLAGE 4B
4177,VILLAGE 14
4178,VILLAGE 14
4179,VILLAGE 6
4180,VILLAGE 5
4181,VILLAGE 9
4182,VILLAGE 1
4183,VILLAGE 13
4184,VILLAGE 11
4185,VILLAGE 4A
4186,VILLAGE 4B
4187,VILLAGE 14
4188,VILLAGE 1
4189,VILLAGE 13
4190,VILLAGE 6
4191,VILLAGE 1
4192,VILLAGE 15
4193,VILLAGE 12
4194,VILLAGE 12
4195,VILLAGE 11
4196,VILLAGE 2
4197,VILLAGE 5
4198,VILLAGE 15
4199,VILLAGE 10
4200,VILLAGE 2
4201,VILLAGE 10
4202,VILLAGE 4C
4203,VILLAGE 11
4204,VILLAGE 11
4206,VILLAGE 11
4207,VILLAGE 15
4208,VILLAGE 9
4209,VILLAGE 11
4210,VILLAGE 2
4211,VILLAGE 15
4212,VILLAGE 10
4213,VILLAGE 10
4214,VILLAGE 3
4215,VILLAGE 12
4216,VILLAGE 11
4217,VILLAGE 2
4218,VILLAGE 7
4219,VILLAGE 10
4220,VILLAGE 11
4221,VILLAGE 11
4222,VILLAGE 10
4223,VILLAGE 10
4224,VILLAGE 12
4225,VILLAGE 4A
4226,VILLAGE 11
4227,VILLAGE 11
4228,VILLAGE 2
4229,VILLAGE 15
4230,VILLAGE 11
4231,VILLAGE 4C
4232,VILLAGE 11
4233,VILLAGE 11
4234,VILLAGE 7
4235,VILLAGE 4A
4236,VILLAGE 8
4237,VILLAGE 10
4238,VILLAGE 7
4239,VILLAGE 3
4240,VILLAGE 13
4241,VILLAGE 11
4242,VILLAGE 3
4243,VILLAGE 14
4245,VILLAGE 7
4244,VILLAGE 9
4246,VILLAGE 4C
4247,VILLAGE 7
4248,VILLAGE 2
4249,VILLAGE 10
4250,VILLAGE 1
4251,VILLAGE 4C
4252,VILLAGE 5
4253,VILLAGE 13
4254,VILLAGE 11
4255,VILLAGE 11
4256,VILLAGE 4B
4257,VILLAGE 15
4258,VILLAGE 7
4259,VILLAGE 7
4260,VILLAGE 12
4261,VILLAGE 15
4262,VILLAGE 4A
4263,VILLAGE 4A
4264,VILLAGE 4C
4265,VILLAGE 4B
4266,VILLAGE 13
4267,VILLAGE 7
4268,VILLAGE 6
4269,VILLAGE 4B
4270,VILLAGE 3
4271,VILLAGE 9
4272,VILLAGE 14
4273,VILLAGE 15
4274,VILLAGE 15
4275,VILLAGE 11
4276,VILLAGE 15
4277,VILLAGE 4B
4278,VILLAGE 9
4279,VILLAGE 10
4280,VILLAGE 3
4281,VILLAGE 15
4282,VILLAGE 3
4283,VILLAGE 12
4284,VILLAGE 15
4285,VILLAGE 13
4286,VILLAGE 8
4287,VILLAGE 10
4288,VILLAGE 11
4289,VILLAGE 10
4290,VILLAGE 15
4291,VILLAGE 12
4292,VILLAGE 14
4293,VILLAGE 11
4294,VILLAGE 5
4295,VILLAGE 15
4296,VILLAGE 7
4297,VILLAGE 14
4298,VILLAGE 5
4299,VILLAGE 4B
4300,VILLAGE 11
4301,VILLAGE 11
4302,VILLAGE 4B
4303,VILLAGE 11
4304,VILLAGE 4A
4305,VILLAGE 11
4306,VILLAGE 13
4307,VILLAGE 7
4308,VILLAGE 3
4309,VILLAGE 4A
4310,VILLAGE 7
4311,VILLAGE 13
4312,VILLAGE 10
4313,VILLAGE 15
4314,VILLAGE 6
4315,VILLAGE 10
4316,VILLAGE 10
4317,VILLAGE 14
4318,VILLAGE 6
4319,VILLAGE 4B
4320,VILLAGE 12
4321,VILLAGE 11
4322,VILLAGE 15
4323,VILLAGE 11
4324,VILLAGE 12
4325,VILLAGE 9
4326,VILLAGE 13
4327,VILLAGE 2
4328,VILLAGE 15
4329,VILLAGE 8
4330,VILLAGE 11
4331,VILLAGE 1
4332,VILLAGE 9
4333,VILLAGE 15
4334,VILLAGE 11
4335,VILLAGE 9
4336,VILLAGE 10
4337,VILLAGE 2
4338,VILLAGE 4C
4339,VILLAGE 15
4340,VILLAGE 9
4341,VILLAGE 5
4342,VILLAGE 14
4343,VILLAGE 4C
4344,VILLAGE 6
4345,VILLAGE 6
4346,VILLAGE 11
4347,VILLAGE 4B
4348,VILLAGE 11
4349,VILLAGE 13
4350,VILLAGE 15
4351,VILLAGE 4B
4352,VILLAGE 10
4353,VILLAGE 14
4354,VILLAGE 11
4355,VILLAGE 2
4356,VILLAGE 11
4357,VILLAGE 4A
4358,VILLAGE 4C
4359,VILLAGE 1
4360,VILLAGE 15
4361,VILLAGE 13
4362,VILLAGE 12
4363,VILLAGE 2
4364,VILLAGE 9
4365,VILLAGE 11
4366,VILLAGE 11
4367,VILLAGE 10
4368,VILLAGE 14
4369,VILLAGE 3
4370,VILLAGE 9
4371,VILLAGE 4B
4372,VILLAGE 9
4373,VILLAGE 3
4374,VILLAGE 6
4375,VILLAGE 4B
4376,VILLAGE 13
4377,VILLAGE 4C
4378,VILLAGE 4B
4379,VILLAGE 11
4380,VILLAGE 7
4381,VILLAGE 11
4382,VILLAGE 14
4383,VILLAGE 11
4384,VILLAGE 1
4385,VILLAGE 14
4386,VILLAGE 14
4387,VILLAGE 9
4388,VILLAGE 2
4389,VILLAGE 12
4390,VILLAGE 10
4391,VILLAGE 4A
4392,VILLAGE 9
4393,VILLAGE 7
4394,VILLAGE 11
4395,VILLAGE 4B
4396,VILLAGE 11
4397,VILLAGE 5
4398,VILLAGE 13
4399,VILLAGE 15
4400,VILLAGE 9
4401,VILLAGE 2
4402,VILLAGE 4A
4403,VILLAGE 12
4404,VILLAGE 11
4405,VILLAGE 13
4406,VILLAGE 10
4407,VILLAGE 4A
4408,VILLAGE 12
4409,VILLAGE 12
4410,VILLAGE 15
4411,VILLAGE 11
4412,VILLAGE 13
4413,VILLAGE 12
4414,VILLAGE 14
4415,VILLAGE 11
4416,VILLAGE 10
4417,VILLAGE 9
4418,VILLAGE 14
4419,VILLAGE 4A
4420,VILLAGE 4A
4421,VILLAGE 11
4422,VILLAGE 1
4423,VILLAGE 15
4424,VILLAGE 4C
4425,VILLAGE 11
4426,VILLAGE 1
4427,VILLAGE 1
4428,VILLAGE 10
4429,VILLAGE 13
4430,VILLAGE 12
4431,VILLAGE 7
4432,VILLAGE 11
4433,VILLAGE 9
4434,VILLAGE 1
4435,VILLAGE 9
4436,VILLAGE 4A
4437,VILLAGE 12
4438,VILLAGE 9
4439,VILLAGE 15
4440,VILLAGE 8
4441,VILLAGE 4C
4442,VILLAGE 14
4443,VILLAGE 11
4444,VILLAGE 4A
4445,VILLAGE 10
4446,VILLAGE 9
4447,VILLAGE 9
4448,VILLAGE 14
4449,VILLAGE 13
4450,VILLAGE 4B
4451,VILLAGE 13
4452,VILLAGE 9
4453,VILLAGE 12
4454,VILLAGE 13
4455,VILLAGE 4B
4456,VILLAGE 11
4457,VILLAGE 2
4458,VILLAGE 15
4459,VILLAGE 11
4460,VILLAGE 6
4461,VILLAGE 3
4462,VILLAGE 4A
4463,VILLAGE 4B
4464,VILLAGE 13
4465,VILLAGE 12
4466,VILLAGE 13
4467,VILLAGE 9
4468,VILLAGE 4A
4469,VILLAGE 7
4470,VILLAGE 2
4471,VILLAGE 4C
4472,VILLAGE 4B
4473,VILLAGE 7
4474,VILLAGE 7
4475,VILLAGE 10
4476,VILLAGE 4A
4477,VILLAGE 6
4478,VILLAGE 4A
4479,VILLAGE 3
4480,VILLAGE 14
4481,VILLAGE 10
4482,VILLAGE 13
4483,VILLAGE 14
4484,VILLAGE 9
4485,VILLAGE 15
4486,VILLAGE 4B
4487,VILLAGE 10
4488,VILLAGE 11
4489,VILLAGE 4A
4490,VILLAGE 11
4491,VILLAGE 15
4492,VILLAGE 6
4493,VILLAGE 9
4494,VILLAGE 11
4495,VILLAGE 9
4496,VILLAGE 4A
4497,VILLAGE 2
4498,VILLAGE 15
4499,VILLAGE 4C
4500,VILLAGE 1
4501,VILLAGE 14
4502,VILLAGE 10
4503,VILLAGE 13
4504,VILLAGE 15
4505,VILLAGE 4C
4506,VILLAGE 3
4507,VILLAGE 15
4508,VILLAGE 12
4509,VILLAGE 12
4510,VILLAGE 15
4511,VILLAGE 3
4512,VILLAGE 4C
4513,VILLAGE 3
4514,VILLAGE 10
4515,VILLAGE 11
4516,VILLAGE 11
4517,VILLAGE 11
4518,VILLAGE 15
4519,VILLAGE 7
4520,VILLAGE 13
4521,VILLAGE 9
4522,VILLAGE 15
4523,VILLAGE 6
4524,VILLAGE 4C
4525,VILLAGE 9
4526,VILLAGE 9
4527,VILLAGE 4B
4528,VILLAGE 11
4529,VILLAGE 4A
